Datetime,HDFCBANK,ICICIBANK,SBIN,AXISBANK,KOTAKBANK
2024-01-01 09:15:00,0.20,0.15,0.10,-0.05,0.08
2024-01-01 09:20:00,0.30,0.20,0.15,0.05,0.10
2024-01-01 09:25:00,0.35,0.25,0.18,0.10,0.12
2024-01-01 09:30:00,0.40,0.30,0.20,0.12,0.15
2024-01-01 09:35:00,0.45,0.35,0.25,0.15,0.18
2024-01-01 09:40:00,0.50,0.38,0.28,0.18,0.20
2024-01-01 09:45:00,0.55,0.40,0.30,0.20,0.25
2024-01-01 09:50:00,0.60,0.45,0.35,0.25,0.28
2024-01-01 09:55:00,0.58,0.42,0.32,0.22,0.26
2024-01-01 10:00:00,0.62,0.48,0.36,0.28,0.30
2024-01-01 10:05:00,0.65,0.50,0.40,0.30,0.32
2024-01-01 10:10:00,0.68,0.55,0.42,0.32,0.35
2024-01-01 10:15:00,0.70,0.58,0.45,0.35,0.38
2024-01-01 10:20:00,0.72,0.60,0.48,0.38,0.40
2024-01-01 10:25:00,0.75,0.62,0.50,0.40,0.42
2024-01-01 10:30:00,0.78,0.65,0.52,0.42,0.45
2024-01-01 10:35:00,0.80,0.68,0.55,0.45,0.48
2024-01-01 10:40:00,0.82,0.70,0.58,0.48,0.50
2024-01-01 10:45:00,0.85,0.72,0.60,0.50,0.52
2024-01-01 10:50:00,0.88,0.75,0.62,0.52,0.55
