Datetime,NiftyTopCompaniesGreen,NiftyTopCompaniesRed,NiftyBreadthPct
2024-01-01 09:15:00,28,22,56
2024-01-01 09:20:00,29,21,58
2024-01-01 09:25:00,30,20,60
2024-01-01 09:30:00,31,19,62
2024-01-01 09:35:00,32,18,64
2024-01-01 09:40:00,33,17,66
2024-01-01 09:45:00,34,16,68
2024-01-01 09:50:00,35,15,70
2024-01-01 09:55:00,34,16,68
2024-01-01 10:00:00,33,17,66
2024-01-01 10:05:00,32,18,64
2024-01-01 10:10:00,33,17,66
2024-01-01 10:15:00,34,16,68
2024-01-01 10:20:00,35,15,70
2024-01-01 10:25:00,36,14,72
2024-01-01 10:30:00,37,13,74
2024-01-01 10:35:00,36,14,72
2024-01-01 10:40:00,35,15,70
2024-01-01 10:45:00,34,16,68
2024-01-01 10:50:00,35,15,70
