Datetime,CrudeOil,BrentCrude,USDINR
2024-01-01 09:15:00,72.50,76.30,83.10
2024-01-01 09:20:00,72.40,76.20,83.08
2024-01-01 09:25:00,72.35,76.10,83.05
2024-01-01 09:30:00,72.30,76.05,83.02
2024-01-01 09:35:00,72.20,75.95,82.99
2024-01-01 09:40:00,72.15,75.90,82.95
2024-01-01 09:45:00,72.10,75.85,82.93
2024-01-01 09:50:00,72.05,75.80,82.90
2024-01-01 09:55:00,72.00,75.75,82.88
2024-01-01 10:00:00,71.95,75.70,82.85
2024-01-01 10:05:00,71.90,75.65,82.82
2024-01-01 10:10:00,71.88,75.60,82.80
2024-01-01 10:15:00,71.85,75.58,82.78
2024-01-01 10:20:00,71.80,75.55,82.75
2024-01-01 10:25:00,71.78,75.50,82.72
2024-01-01 10:30:00,71.75,75.48,82.70
2024-01-01 10:35:00,71.72,75.45,82.68
2024-01-01 10:40:00,71.70,75.40,82.65
2024-01-01 10:45:00,71.65,75.35,82.62
2024-01-01 10:50:00,71.60,75.30,82.60
