Datetime,TotalPutOI,TotalCallOI,TotalPutVolume,TotalCallVolume
2024-01-01 09:15:00,1250000,1100000,350000,320000
2024-01-01 09:20:00,1260000,1095000,355000,318000
2024-01-01 09:25:00,1275000,1090000,360000,315000
2024-01-01 09:30:00,1280000,1085000,365000,312000
2024-01-01 09:35:00,1290000,1080000,370000,310000
2024-01-01 09:40:00,1300000,1075000,375000,308000
2024-01-01 09:45:00,1315000,1070000,380000,305000
2024-01-01 09:50:00,1320000,1065000,385000,302000
2024-01-01 09:55:00,1330000,1060000,390000,300000
2024-01-01 10:00:00,1340000,1055000,395000,298000
2024-01-01 10:05:00,1350000,1050000,400000,295000
2024-01-01 10:10:00,1365000,1045000,405000,292000
2024-01-01 10:15:00,1370000,1040000,410000,290000
2024-01-01 10:20:00,1380000,1035000,415000,288000
2024-01-01 10:25:00,1390000,1030000,420000,285000
2024-01-01 10:30:00,1400000,1025000,425000,282000
2024-01-01 10:35:00,1410000,1020000,430000,280000
2024-01-01 10:40:00,1420000,1015000,435000,278000
2024-01-01 10:45:00,1430000,1010000,440000,275000
2024-01-01 10:50:00,1440000,1005000,445000,272000
