Datetime,Open,High,Low,Close,Volume
2024-01-01 09:15:00,21500,21530,21490,21520,150000
2024-01-01 09:20:00,21520,21545,21510,21540,165000
2024-01-01 09:25:00,21540,21560,21525,21535,140000
2024-01-01 09:30:00,21535,21570,21530,21565,180000
2024-01-01 09:35:00,21565,21590,21555,21580,175000
2024-01-01 09:40:00,21580,21605,21570,21600,190000
2024-01-01 09:45:00,21600,21620,21585,21610,185000
2024-01-01 09:50:00,21610,21635,21600,21630,210000
2024-01-01 09:55:00,21630,21650,21615,21620,160000
2024-01-01 10:00:00,21620,21640,21600,21635,155000
2024-01-01 10:05:00,21635,21660,21630,21655,170000
2024-01-01 10:10:00,21655,21675,21640,21650,150000
2024-01-01 10:15:00,21650,21680,21645,21670,175000
2024-01-01 10:20:00,21670,21695,21660,21690,200000
2024-01-01 10:25:00,21690,21720,21685,21710,220000
2024-01-01 10:30:00,21710,21735,21700,21725,195000
2024-01-01 10:35:00,21725,21750,21710,21740,185000
2024-01-01 10:40:00,21740,21760,21720,21730,165000
2024-01-01 10:45:00,21730,21755,21725,21750,175000
2024-01-01 10:50:00,21750,21780,21745,21775,205000
2024-01-01 10:55:00,21775,21800,21760,21790,210000
2024-01-01 11:00:00,21790,21810,21770,21805,215000
2024-01-01 11:05:00,21805,21825,21795,21820,220000
2024-01-01 11:10:00,21820,21845,21810,21840,225000
2024-01-01 11:15:00,21840,21860,21825,21855,230000
2024-01-01 11:20:00,21855,21870,21835,21850,205000
2024-01-01 11:25:00,21850,21880,21845,21875,215000
2024-01-01 11:30:00,21875,21900,21860,21895,235000
2024-01-01 11:35:00,21895,21910,21870,21885,200000
2024-01-01 11:40:00,21885,21920,21880,21910,245000
